id,phase,epic,title,priority,depends_on,acceptance,estimate_class,gap_ids,review_scope,validation_status
B001,A:S01,Product foundation,Define undergraduate operator and commercial context,P0,,Primary tasks and supported launch outcomes documented with representative interview evidence,S,UX-G16,Apply the linked review contract within this ticket’s scope; re-estimate at refinement.,Planned; implementation and validation remain
B002,A:S01,Product foundation,Specify complete flagship study contract,P0,B001,"Eye EEG EDA RT AAT BIAT and questionnaire blocks each have inputs outputs and launch criteria Review IM-G09: Use one gate definition: BIAT/AAT implementation G2, physical AAT G3, qualification G4, full IAT G6. Minimum local access and backup are launch conditions; shared/cloud expansion remains later.",M,IM-G09;UX-G02,Apply the linked review contract within this ticket’s scope; re-estimate at refinement.,Planned; implementation and validation remain
B003,A:S01,Guided UX,Prototype five-step first eye study,P0,B001,"Plan Questions Collect Review Results tested without exposing advanced navigation Review UX-G01: Every enabled recipe/design choice changes materials, allocation, question flow, readiness and result schema coherently; unsupported designs cannot reuse paired results. Implement compilation/revision invariants in B044/B089 rather than adding them all to the prototype ticket.",M,UX-G01;UX-G03;UX-G16,Apply the linked review contract within this ticket’s scope; re-estimate at refinement.,Planned; implementation and validation remain
B004,A:S01,Guided UX,Measure first-study decision and action budget,P0,B003,Instrumentation counts all pointer keyboard and file-chooser activations and separates sample design next-participant and report stages,S,UX-G03;UX-G07;UX-G10,Apply the linked review contract within this ticket’s scope; re-estimate at refinement.,Planned; implementation and validation remain
B005,A:S01,Scientific foundation,Specify paired-image automatic analysis recipe,P0,B002,"Primary outcome unit paired contrast exclusions and uncertainty fixed before execution Review BIO-G06: Hand-calculated fixtures for irregular sampling, last sample, one invalid eye, short/long gaps, overlapping AOIs, boundary points, absent targets and all-invalid exposure match the method card. The flagship contrast is B minus A in percentage points (positive means greater gaze share for B; A is the reference). Swapping A/B reverses the signed contrast while preserving absolute quality counts. Webcam profile cannot inherit laboratory fixation eligibility.",M,BIO-G06;UX-G01,Apply the linked review contract within this ticket’s scope; re-estimate at refinement.,Planned; implementation and validation remain
B006,A:S01,Scientific foundation,Specify BIAT protocol and scoring variant,P0,B002,"Focal categories blocks scoring exclusions and source references are unambiguous Review IM-G01,IM-G02: Freeze exact BIAT block/trial counts, focal/category mapping, first-versus-final-correct latency, preprocessing order, fast-trial denominator and signed score numerator. The draft paper profile cannot publish with an unresolved denominator. Hand-calculated fixtures and independent reference checks precede qualification.",M,IM-G01;IM-G02,Apply the linked review contract within this ticket’s scope; re-estimate at refinement.,Planned; implementation and validation remain
B007,A:S01,Scientific foundation,Specify physical push-pull AAT variant,P0,B002,"Direction onset completion input and scoring definitions distinguish task variants Review IM-G01,IM-G02,IM-G03: Keep physical AAT input, relevance dimension, assessment versus training, neutral/onset/completion thresholds, trial errors and contrast direction in named profiles. Do not substitute a vendor median score for a differently specified scientific profile. Device variants require separate qualification.",M,IM-G01;IM-G02;IM-G03,Apply the linked review contract within this ticket’s scope; re-estimate at refinement.,Planned; implementation and validation remain
B008,A:S01,Scientific foundation,Define modality fixture and reference plan,P0,B002,"Each launch modality has synthetic and independently checked reference fixtures Review BIO-G10: Each claimed supported output resolves to an evidence record and approved tolerance. A failing subgroup/condition cannot disappear from the aggregate. Same-method agreement, AOI downstream metric error, inter-rater disagreement and novice time/correctness appear independently. No build is labelled validated from screenshots or synthetic fixtures alone.",M,BIO-G10,Apply the linked review contract within this ticket’s scope; re-estimate at refinement.,Planned; implementation and validation remain
B009,A:S01,Architecture,Version study session event and clock schema,P0,B002,Schema round-trip covers every launch modality and preserves source timestamps,M,UX-G05;UX-G07;UX-G10;UX-G15,Apply the linked review contract within this ticket’s scope; re-estimate at refinement.,Planned; implementation and validation remain
B010,A:S01,Architecture,Define questionnaire and response schema,P0,B002,"Question option revision displayed order coding and missingness IDs are explicit Review UX-G05,UX-G10,UX-G15: Keep immutable sample/preview/pilot/live provenance distinct from completion, QC and outcome eligibility. Optional blanks do not redefine submission, partial sessions contribute only under declared rules, and test origin cannot silently inflate live N. Review ARC-G02: Lost publish reply returns same release on retry; incomplete asset prevents release; null/skip branch fixtures agree in R and browser. Sample/preview cannot enter live cohort or consume live allocation. An old release never resolves mutable question/asset/method references.",M,ARC-G02;UX-G05;UX-G10;UX-G15,Apply the linked review contract within this ticket’s scope; re-estimate at refinement.,Planned; implementation and validation remain
B011,A:S01,Architecture,Define capability and adapter contracts,P0,B009,"Capabilities include device software channels timing and supported operations Review UX-G02: A profile resolves required versus optional streams, exact task/input variants and lab versus webcam qualifications; selecting it updates protocol/preflight/report eligibility, and an unsupported combination produces a scoped remedy. Review BIO-G01: Same-name source ambiguity blocks arming; failed required recorder prevents first scientific stimulus; failed stop or missing final chunk yields a recoverable partial manifest. GUI/network loss cannot stop a qualified local recording or trigger silent trial replay. Review BIO-G11: The capability registry distinguishes planned/imported/acquired/method-qualified support. Unknown generic voltage streams cannot be advertised as ECG/HRV. Later pack manifests require sensor/site/unit/timebase, event detection, artifact decisions and method-specific benchmarks. Review ARC-G07: Updating plugin or model creates a new derivative provenance chain; unsupported protocol fails before arm. A named old report remains interpretable/reproducible under published retention policy. Unlicensed model weights cannot enter redistributable release through an MIT wrapper.",M,ARC-G07;BIO-G01;BIO-G11;UX-G02;UX-G06,Apply the linked review contract within this ticket’s scope; re-estimate at refinement.,Planned; implementation and validation remain
B012,A:S01,Acquisition research,Confirm reference rig access and SDK feasibility,P0,B011,Eye EEG EDA and AAT hardware access and SDK distribution constraints recorded,M,UX-G02,Apply the linked review contract within this ticket’s scope; re-estimate at refinement.,Planned; implementation and validation remain
B013,A:S02,Guided UX,Implement accessible guided shell,P0,B003,All five stages work with keyboard visible focus and semantic headings Review ARC-G01: Switching paired to independent/multi-item design cannot retain old paired current results. Reload and Advanced↔Guided round-trip reconstruct the same revision; two-editor conflicts are explicit. Every visible enabled action has a tested command or local-only state label.,M,ARC-G01;UX-G11,Apply the linked review contract within this ticket’s scope; re-estimate at refinement.,Planned; implementation and validation remain
B014,A:S02,Guided UX,Provide contextual advanced workbench,P0,B013,Advanced edits affect the same manifest and returning preserves guided position,M,ARC-G01,Apply the linked review contract within this ticket’s scope; re-estimate at refinement.,Planned; implementation and validation remain
B015,A:S02,Guided UX,Install synthetic first-study sample,P0,B005;B008,"Sample loads without hardware or participant records and clearly labels synthetic data Review UX-G03: Clean sample has no compulsory AOI exception; exception practice is separate. Creating a real study from the sample copies design/assets only as explicitly selected, never synthetic observations, and preserves the five-activation whole-path target.",S,UX-G03,Apply the linked review contract within this ticket’s scope; re-estimate at refinement.,Planned; implementation and validation remain
B016,A:S02,Persistence,Create local workspace and study store,P0,B009,"Studies persist across restart and use stable identifiers Review ARC-G06: Cloud UI cannot claim direct USB discovery. Shiny process crash preserves capture/jobs; worker load does not starve configured recorder capacity. Local→shared backup/restore retains IDs, hashes and decisions. Participant tokens cannot read unrelated sessions or submit code.",M,ARC-G01;ARC-G06;UX-G03,Apply the linked review contract within this ticket’s scope; re-estimate at refinement.,Planned; implementation and validation remain
B017,A:S02,Persistence,Store immutable raw objects and content hashes,P0,B016,Reimport detects identical content and derived edits never overwrite raw objects Review ARC-G03: Out-of-order duplicates deduplicate; same sequence/different hash quarantines; dropped last chunk blocks verified completion. Reload/network reconnect never silently replays a presented trial. Quota-full results remain recoverable/partial with explicit missing intervals.,M,ARC-G03,Apply the linked review contract within this ticket’s scope; re-estimate at refinement.,Planned; implementation and validation remain
B018,A:S02,Persistence,Freeze configuration and environment manifest,P0,B016,Study recipe and package versions export and round-trip deterministically,M,ARC-G01;ARC-G02;ARC-G07,Apply the linked review contract within this ticket’s scope; re-estimate at refinement.,Planned; implementation and validation remain
B019,A:S02,Data foundation,Define eye stream units and coordinate fields,P0,B009,"Source and display coordinates units validity and eye identity retained Review BIO-G02: Round-trip retains physical channel mapping and reference; changed camera/viewport, EEG reference or sensor replacement invalidates affected readiness. A vendor contact score cannot be displayed as measured impedance unless that is its documented quantity. Sample mode requires no fitting.",S,BIO-G02,Apply the linked review contract within this ticket’s scope; re-estimate at refinement.,Planned; implementation and validation remain
B020,A:S02,Data foundation,Define EEG channels montage and reference fields,P0,B009,Channel types units reference montage sample rate and events survive round-trip,S,BIO-G02,Apply the linked review contract within this ticket’s scope; re-estimate at refinement.,Planned; implementation and validation remain
B021,A:S02,Data foundation,Define EDA signal and placement fields,P0,B009,"Conductance units placement sample rate and clock metadata retained Review BIO-G05: Known unit scaling, nonresponse, disconnected flatline, overlap, edge-truncated peak and inadequate baseline each yield their declared distinct result. A phasic-only source cannot produce tonic SCL. Missing windows do not become zero-amplitude responses. Passive and active-rating windows cannot be conflated.",S,BIO-G02;BIO-G05,Apply the linked review contract within this ticket’s scope; re-estimate at refinement.,Planned; implementation and validation remain
B022,A:S02,Data foundation,Define behavioural trial and response events,P0,B009,Planned observed stimulus response accuracy input and interruption fields retained,S,,,Planned; implementation and validation remain
B023,A:S03,Import,Implement selected eye export importer,P0,B017;B019,Golden fixture matches expected samples events and metadata,M,,,Planned; implementation and validation remain
B024,A:S03,Import,Implement selected EEG reference format importer,P0,B017;B020,Golden fixture matches channels signal values events and reference metadata,M,,,Planned; implementation and validation remain
B025,A:S03,Import,Implement selected EDA format importer,P0,B017;B021,Golden fixture matches conductance units timestamps and sensor metadata,M,,,Planned; implementation and validation remain
B026,A:S03,Import,Implement generic trial event and survey import,P0,B017;B022;B010,Supported tables link unambiguously to participant stimulus and question revisions,M,,,Planned; implementation and validation remain
B027,A:S03,Import,Build mapping preview and reusable mapping presets,P0,B023;B024;B025;B026,User sees example rows units and time mappings before commit,M,,,Planned; implementation and validation remain
B028,A:S03,Import,Validate malformed and ambiguous imports locally,P0,B027,"Missing columns mixed units and duplicate identifiers yield scoped repair actions Review IM-G07: Preserve cue/fixation/stimulus/first-response/correction/movement/feedback epochs separately, including first and final-correct latency. Questionnaire interaction is a separate epoch from passive viewing; phase joins and ordering pass fixtures.",M,IM-G07,Apply the linked review contract within this ticket’s scope; re-estimate at refinement.,Planned; implementation and validation remain
B029,A:S03,Synchronization,Preserve original clocks and explicit transforms,P0,B009;B023;B024;B025,Aligned views retain original timestamps transform method and uncertainty Review BIO-G03: Known display delay cannot disappear after LSL offset correction. Source restart creates a new segment; deliberately injected drift/tail failure disables the affected ERP/RT output or marks an explicit limitation according to its frozen profile. Broad AOI summaries can remain eligible when a fine timing method is not.,M,ARC-G03;BIO-G03,Apply the linked review contract within this ticket’s scope; re-estimate at refinement.,Planned; implementation and validation remain
B030,A:S03,Synchronization,Detect gaps drift and non-monotonic time,P0,B029,Known corrupted fixtures produce correctly scoped timing flags,M,BIO-G03,Apply the linked review contract within this ticket’s scope; re-estimate at refinement.,Planned; implementation and validation remain
B031,A:S03,Session explorer,Link stimulus events and multimodal time cursor,P0,B029,Selected event positions eye EEG EDA and behavioural traces consistently Review ARC-G08: 64-channel viewport and AOI/media cursor never load full study into Shiny memory. Overlarge request is rejected or becomes a job. Lost status events recover via cursor/status refresh; no fabricated completion percentages. Measure keyboard equivalence and existing p95 budgets.,M,ARC-G08,Apply the linked review contract within this ticket’s scope; re-estimate at refinement.,Planned; implementation and validation remain
B032,A:S04,Execution,Implement durable job state machine,P0,B018,"Queued running failed cancelled and completed states survive app restart Review UX-G09: UI status derives from saved JobRecord/artifact/review state and restores via durable event cursor; source-linked errors distinguish retryable execution failure from a scientific decision. Idempotent retry publishes one logical result and keeps reusable completed work. Review ARC-G04: Crashes before/after SQL commit, delivery, output write and promotion yield no lost accepted job or duplicate current artifact. Old worker cannot promote under expired lease. Render retry reuses pinned computed results without rerunning science.",M,ARC-G04;UX-G09,Apply the linked review contract within this ticket’s scope; re-estimate at refinement.,Planned; implementation and validation remain
B033,A:S04,Execution,Implement idempotent retry and bounded resume,P0,B032,Interrupted fixture resumes without duplicate artefacts,M,ARC-G04;UX-G09,Apply the linked review contract within this ticket’s scope; re-estimate at refinement.,Planned; implementation and validation remain
B034,A:S04,Execution,Implement dependency cache and invalidation,P0,B032,Changed parameter invalidates only affected descendants and never serves stale output as current,M,ARC-G04;UX-G09,Apply the linked review contract within this ticket’s scope; re-estimate at refinement.,Planned; implementation and validation remain
B035,A:S04,Execution,Expose job progress with useful units,P0,B032,Progress distinguishes completed work and indeterminate phases without fabricated percentages,S,ARC-G08;UX-G09,Apply the linked review contract within this ticket’s scope; re-estimate at refinement.,Planned; implementation and validation remain
B036,A:S04,Scientific processing,Implement gaze validity and fixation reference,P0,B023;B008;B034,Named algorithm agrees with independently checked fixture within declared tolerance,M,BIO-G06,Apply the linked review contract within this ticket’s scope; re-estimate at refinement.,Planned; implementation and validation remain
B037,A:S04,Scientific processing,Implement initial EDA preparation recipe,P0,B025;B008;B034,Filtering baseline and artefact outputs agree with selected reference,M,BIO-G05,Apply the linked review contract within this ticket’s scope; re-estimate at refinement.,Planned; implementation and validation remain
B038,A:S04,Scientific processing,Implement qualified EEG processing bridge,P0,B024;B008;B034,"R submits versioned configuration and retains exact bridge output provenance Review BIO-G04: A fixture with rank reduction, removed intervals, channel permutation and known spectral components produces expected units/features. Filtering does not cross declared gaps; ICA flags alone do not subtract components. Automated repair and rejection produce distinct masks and counts.",M,BIO-G04,Apply the linked review contract within this ticket’s scope; re-estimate at refinement.,Planned; implementation and validation remain
B039,A:S04,Scientific processing,Implement EEG channel and segment QC,P0,B038,Known bad channels and segments remain inspectable with reason codes,M,BIO-G04,Apply the linked review contract within this ticket’s scope; re-estimate at refinement.,Planned; implementation and validation remain
B040,A:S05,Study builder,Implement stimulus asset library and assignments,P0,B016,Assets retain hashes dimensions duration condition and rights metadata,M,ARC-G02;UX-G01,Apply the linked review contract within this ticket’s scope; re-estimate at refinement.,Planned; implementation and validation remain
B041,A:S05,Study builder,Implement flow blocks and keyboard reordering,P0,B013;B018,Instruction calibration trial question and break blocks reorder without dragging,M,ARC-G02;UX-G01;UX-G08,Apply the linked review contract within this ticket’s scope; re-estimate at refinement.,Planned; implementation and validation remain
B042,A:S05,Study builder,Generate seeded counterbalanced allocation,P0,B005;B041,Same seed and manifest reproduce valid participant schedules,M,UX-G01;UX-G07,Apply the linked review contract within this ticket’s scope; re-estimate at refinement.,Planned; implementation and validation remain
B043,A:S05,Study builder,Lint missing assets and unreachable task paths,P0,B040;B041,Invalid study fixtures identify offending block and prevent unsafe launch,M,,,Planned; implementation and validation remain
B044,A:S05,Study builder,Freeze protocol and display revision diff,P0,B018;B041,Launched revision never mutates and edits list affected pilots and outputs,M,UX-G01;UX-G13,Apply the linked review contract within this ticket’s scope; re-estimate at refinement.,Planned; implementation and validation remain
B045,A:S05,Questionnaire,Build question editor and data dictionary,P0,B010;B041,Stable IDs labels stored codes and missing states appear in generated dictionary,M,,,Planned; implementation and validation remain
B046,A:S05,Questionnaire,Implement single and multiple choice types,P0,B045,Keyboard response validation and stored option codes match displayed revision,M,,,Planned; implementation and validation remain
B047,A:S05,Questionnaire,Implement text and numeric entry types,P0,B045,Allowed values and readable validation work with keyboard and mobile layout,M,,,Planned; implementation and validation remain
B048,A:S05,Questionnaire,Implement explicit liking Likert recipe,P0,B045;B046,Template attaches coded liking response to correct stimulus and condition,S,,,Planned; implementation and validation remain
B049,A:S05,Questionnaire,Implement question display and branch logic,P0,B045,Test paths record shown hidden and skipped questions distinctly,M,UX-G05;UX-G08;UX-G10;UX-G15,Apply the linked review contract within this ticket’s scope; re-estimate at refinement.,Planned; implementation and validation remain
B050,A:S05,Questionnaire,Implement typed variables and safe text piping,P0,B045,Invalid references caught before launch and displayed text recorded per response,M,UX-G08,Apply the linked review contract within this ticket’s scope; re-estimate at refinement.,Planned; implementation and validation remain
B051,A:S05,Questionnaire,Implement bounded question and block randomization,P0,B042;B045,Option and block order reproduce from seed while anchored options remain fixed,M,UX-G05;UX-G08,Apply the linked review contract within this ticket’s scope; re-estimate at refinement.,Planned; implementation and validation remain
B052,A:S05,Questionnaire,Lint invalid survey dependencies and validation,P0,B049;B050;B051,"Cycles unreachable items and hidden-required combinations produce actionable errors Review UX-G08: Moving a referenced source across an evaluation boundary identifies the affected node, retains undo and invalidates only affected preview evidence. Rehearse invalid answers as well as valid paths; preserve entered values and distinguish validation attempts from accepted-answer events.",M,ARC-G02;UX-G05;UX-G08,Apply the linked review contract within this ticket’s scope; re-estimate at refinement.,Planned; implementation and validation remain
B053,A:S06,Questionnaire,Build survey path debugger,P0,B052,"Researcher can inspect variables and reason for each branch on a chosen path Review UX-G05: Participant-runtime preview differs visibly from author inspect-all; save revision, seed, initial state, inputs and actual branch trace. Inspect-all earns no runtime pass credit; preview effects and observations cannot affect live devices, quotas or results. Coverage limits are defined under B146.",M,ARC-G02;UX-G05;UX-G08,Apply the linked review contract within this ticket’s scope; re-estimate at refinement.,Planned; implementation and validation remain
B054,A:S06,Questionnaire,Implement accessible slider with numeric alternative,P1,B045,Keyboard and alternative input produce identical stored value and label,M,,,Planned; implementation and validation remain
B055,A:S06,Questionnaire,Implement responsive matrix as equivalent item list,P1,B045,Small-screen and keyboard versions retain item IDs scales and response meaning,M,UX-G04;UX-G11,Apply the linked review contract within this ticket’s scope; re-estimate at refinement.,Planned; implementation and validation remain
B056,A:S06,Runner,Isolate timed trial execution from server loop,P0,B022;B041,Client executes preloaded trial schedule without server round-trip onset dependency,M,IM-G07;UX-G05;UX-G08,Apply the linked review contract within this ticket’s scope; re-estimate at refinement.,Planned; implementation and validation remain
B057,A:S06,Runner,Preload and validate stimulus resources,P0,B040;B056,Missing resources detected before scored block begins,S,,,Planned; implementation and validation remain
B058,A:S06,Runner,Implement static visual-viewing block,P0,B056;B005,Observed events and exposure duration match supported execution protocol,M,,,Planned; implementation and validation remain
B059,A:S06,Runner,Implement BIAT focal-category blocks,P0,B006;B056,Fixture matches exact block order category mappings practice and correction behaviour,M,IM-G01;IM-G02,Apply the linked review contract within this ticket’s scope; re-estimate at refinement.,Planned; implementation and validation remain
B060,A:S06,Runner,Implement AAT input contract and practice,P0,B007;B056,Recorded direction onset completion and errors follow specified input mapping,M,IM-G01;IM-G02;IM-G03,Apply the linked review contract within this ticket’s scope; re-estimate at refinement.,Planned; implementation and validation remain
B061,A:S06,Runner,Implement questionnaire blocks in shared flow,P0,B046;B047;B049;B056,Question presentation and response events link to study stimulus and condition,M,,,Planned; implementation and validation remain
B062,A:S06,Runner,Record browser focus and trial interruption,P0,B056,Focus loss flags correct trials and applies declared retry or exclusion rule,M,ARC-G03;UX-G07,Apply the linked review contract within this ticket’s scope; re-estimate at refinement.,Planned; implementation and validation remain
B063,A:S06,Runner,Persist questionnaire progress checkpoints,P0,B061,"Restart preserves answered items without pretending interrupted timed trials resumed cleanly Review IM-G06: Use source-linked rehearsal traces for instructions, practice/correction, response mappings and missing variables. Preview cannot affect live quotas or cohorts. A diagnostic event must identify the exact trial and compiled source node.",M,IM-G06;UX-G05;UX-G07;UX-G08;UX-G10;UX-G15,Apply the linked review contract within this ticket’s scope; re-estimate at refinement.,Planned; implementation and validation remain
B064,A:S06,Runner,Build pilot and readiness summary,P0,B043;B052;B057,"Launch identifies missing prerequisites unsupported inputs and stale pilot evidence Review UX-G06: Separate protocol, consent, connection, timing, signal, calibration and storage/transport evidence; bind checks to device/config/browser fingerprints and expiry, invalidate only affected checks, and present one local repair action per blocker. Define the contract early, then qualify hardware behavior at its existing rig gate. Review UX-G06,UX-G11: Exercise denied/ignored permission, changed camera/display/config, expired calibration and poor-light recovery; successful unrelated checks survive, stale passes do not. Use real browser/OS/hardware fixtures at the existing qualification gates.",M,UX-G02;UX-G06;UX-G11,Apply the linked review contract within this ticket’s scope; re-estimate at refinement.,Planned; implementation and validation remain
B065,A:S06,Timing qualification,Build stimulus and response timing harness,P0,B012;B056;B206,Physical measurements distinguish onset accuracy response offset and variability,L,BIO-G03,Apply the linked review contract within this ticket’s scope; re-estimate at refinement.,Planned; implementation and validation remain
B066,A:S06,Timing qualification,Record execution configuration matrix,P0,B065,Each result states tested OS browser display input and protocol,S,ARC-G02;UX-G06,Apply the linked review contract within this ticket’s scope; re-estimate at refinement.,Planned; implementation and validation remain
B067,A:S06,Runner,Verify counterbalancing and condition logs,P0,B042;B059;B060,Independent trace check confirms mappings and allocations for each supported task,M,IM-G06,Apply the linked review contract within this ticket’s scope; re-estimate at refinement.,Planned; implementation and validation remain
B068,A:S07,AOI foundation,Version AOI identity semantics and geometry,P0,B019;B018,AOI export retains category stimulus revision coordinate system and review state Review ARC-G05: A concurrent old analysis cannot overwrite new current results. Undo creates a new revision. Outcome-blind correction policy is recorded. Aggregate cohort changes invalidate more than the edited stimulus where necessary; clean approved AOIs add no compulsory review clicks.,M,ARC-G05;UX-G04,Apply the linked review contract within this ticket’s scope; re-estimate at refinement.,Planned; implementation and validation remain
B069,A:S07,AOI editor,Implement rectangle ellipse and polygon tools,P0,B068,Geometry round-trip preserves vertices and valid shape constraints,M,,,Planned; implementation and validation remain
B070,A:S07,AOI accessibility,Implement synchronized AOI object table,P0,B069,Keyboard can select rename move resize and delete with undo,M,UX-G04;UX-G11,Apply the linked review contract within this ticket’s scope; re-estimate at refinement.,Planned; implementation and validation remain
B071,A:S07,AOI accessibility,Implement numeric coordinate and geometry editing,P0,B070,"Canvas and table changes stay synchronized and usable without dragging Review UX-G04,UX-G11: B071 verifies canvas/table geometry equality and keyboard undo; B055 verifies row/option IDs, anchors and scale direction across table/stacked layouts. B115/B116 exercise the end-to-end assistive-technology tasks.",M,UX-G04;UX-G11,Apply the linked review contract within this ticket’s scope; re-estimate at refinement.,Planned; implementation and validation remain
B072,A:S07,AOI foundation,Implement stimulus-to-display coordinate transform,P0,B019;B040;B068,Golden points map correctly under scaling letterboxing cropping and viewport changes,M,,,Planned; implementation and validation remain
B073,A:S07,AOI foundation,Implement hierarchy overlap and padding policies,P0,B068;B072,Exclusive multiple-membership and parent rules produce expected fixture membership,M,BIO-G06,Apply the linked review contract within this ticket’s scope; re-estimate at refinement.,Planned; implementation and validation remain
B074,A:S07,AOI foundation,Track approval rejection and review revisions,P0,B068,"Unapproved proposals cannot enter approved metrics without explicit policy Review UX-G04: Bind each decision to its exact artifact hash; stale approval fails safely. Undo/edit invalidates affected cards, review geometry matches the described semantic target, and final publication requires the relevant review snapshot while provisional unaffected cards remain labelled.",M,ARC-G05;UX-G04,Apply the linked review contract within this ticket’s scope; re-estimate at refinement.,Planned; implementation and validation remain
B075,A:S07,AOI automation,Propagate approved static-layout template,P0,B069;B072;B074,Preview shows affected stimuli and exceptions before reversible apply,M,,,Planned; implementation and validation remain
B076,A:S07,AOI automation,Integrate optional static semantic proposals,P1,B068;B074,Proposal origin model version and unknown calibration are visible,M,,,Planned; implementation and validation remain
B077,A:S07,AOI foundation,Implement gaze-to-approved-AOI mapping,P0,B036;B072;B073;B074,Independent fixture validates membership with invalid gaze and overlap handling,M,BIO-G06,Apply the linked review contract within this ticket’s scope; re-estimate at refinement.,Planned; implementation and validation remain
B078,A:S07,AOI foundation,Invalidate mapping after stimulus or AOI edit,P0,B034;B077,Affected outputs become stale and rerun uses exact approved revision,S,ARC-G05;UX-G04,Apply the linked review contract within this ticket’s scope; re-estimate at refinement.,Planned; implementation and validation remain
B079,A:S08,Quality review,Define modality-specific validity masks,P0,B036;B037;B039,Missing EEG does not silently invalidate usable eye EDA or survey data Review BIO-G08: A fixture with usable liking but missing eye/EEG preserves liking-only N and gives the correct smaller paired/joint N. Repeated trials increase observations but not independent participants. Delayed EDA and joystick movement/rating epochs preserve overlap tags and cannot become independent stimulus responses by ID join alone. Review BIO-G09: Waiving missing calibration cannot manufacture method eligibility. No valid data yields unavailable output rather than zero effect. Changed inputs invalidate affected approvals. A permitted eye-only report clearly states missing EEG while a full-rig final report remains blocked.,M,BIO-G08;BIO-G09;UX-G05;UX-G10;UX-G15,Apply the linked review contract within this ticket’s scope; re-estimate at refinement.,Planned; implementation and validation remain
B080,A:S08,Quality review,Build linked signal stimulus and event review,P0,B031;B079,Selected exclusion highlights correct time range across available modalities,M,BIO-G09,Apply the linked review contract within this ticket’s scope; re-estimate at refinement.,Planned; implementation and validation remain
B081,A:S08,Quality review,Build root-cause exception inbox,P0,B028;B030;B079,Repeated cause groups affected objects while unrelated failures remain separate,M,BIO-G09;UX-G09,Apply the linked review contract within this ticket’s scope; re-estimate at refinement.,Planned; implementation and validation remain
B082,A:S08,Quality review,Implement reason-coded exclusion layers,P0,B079;B080,Raw data preserved and every segment session or trial exclusion is attributable,M,BIO-G09;UX-G15,Apply the linked review contract within this ticket’s scope; re-estimate at refinement.,Planned; implementation and validation remain
B083,A:S08,Quality review,Preview bulk corrections and downstream impact,P0,B081;B082;B034,Batch action lists scope supports undo and invalidates only affected results Review UX-G15: Researcher correction appends a reason and shows analytical effects without inventing exposures. B063 owns participant return/replay under the frozen flow with superseded answers and new actual exposure instances; B010 owns origin/progress/eligibility fields. Both preserve original history and invalidate only affected outputs.,M,ARC-G05;UX-G15,Apply the linked review contract within this ticket’s scope; re-estimate at refinement.,Planned; implementation and validation remain
B084,A:S08,Quality review,Implement deferred and waived exception states,P0,B081,Waiver records reason report scope and unresolved limitation without deleting evidence,S,BIO-G09;UX-G04;UX-G09,Apply the linked review contract within this ticket’s scope; re-estimate at refinement.,Planned; implementation and validation remain
B085,A:S08,AOI review,Build static batch contact sheet,P0,B074;B075,Keyboard review can approve reject or edit each proposal with traceability,M,,,Planned; implementation and validation remain
B086,A:S08,AOI benchmark,Create independently annotated static holdout,P0,B008;B068,Corpus covers small text layout variation overlap and no-target examples,M,BIO-G10,Apply the linked review contract within this ticket’s scope; re-estimate at refinement.,Planned; implementation and validation remain
B087,A:S08,AOI benchmark,Compare corrected metric error and review time,P0,B077;B085;B086,Benchmark measures metric disagreement and human review effort at matched quality,M,BIO-G10,Apply the linked review contract within this ticket’s scope; re-estimate at refinement.,Planned; implementation and validation remain
B088,A:S08,Quality review,Implement explicit unavailable-result states,P0,B079,Zero data absent condition and unavailable modality show truthful reasons,S,UX-G10,Apply the linked review contract within this ticket’s scope; re-estimate at refinement.,Planned; implementation and validation remain
B089,A:S09,Analysis automation,Generate analysis plan from selected recipe,P0,B005;B044,Primary contrast exclusions units and model are inspectable without parameter selection,M,BIO-G06;UX-G01,Apply the linked review contract within this ticket’s scope; re-estimate at refinement.,Planned; implementation and validation remain
B090,A:S09,Analysis automation,Compute eye attention metric definitions,P0,B077;B089,Dwell visits and denominators match independent fixtures with versioned definitions,M,UX-G10,Apply the linked review contract within this ticket’s scope; re-estimate at refinement.,Planned; implementation and validation remain
B091,A:S09,Analysis automation,Implement paired participant-level A/B comparison,P0,B090;B089,Paired analysis uses participant units and reports effect interval valid count and exclusions,M,BIO-G06;BIO-G08;UX-G10;UX-G15,Apply the linked review contract within this ticket’s scope; re-estimate at refinement.,Planned; implementation and validation remain
B092,A:S09,Analysis automation,Define repeated trial and item model contract,P0,B089,Recipe declares aggregation or qualified mixed model and prevents fixation pseudo-replication,M,,,Planned; implementation and validation remain
B093,A:S09,Analysis automation,Represent TTFF events censoring and missingness,P0,B077;B079,Never-looked tracking-loss and observed-fixation states remain distinguishable,M,BIO-G06;UX-G10;UX-G15,Apply the linked review contract within this ticket’s scope; re-estimate at refinement.,Planned; implementation and validation remain
B094,A:S09,Analysis automation,Implement target-search success and latency recipe,P0,B093;B089,Outputs include success denominator and appropriate censored-latency analysis,M,,,Planned; implementation and validation remain
B095,A:S09,Analysis automation,Implement named BIAT scoring with reference check,P0,B006;B059;B008,Independent expected values validate scoring warmup and exclusion handling,M,IM-G01;IM-G02,Apply the linked review contract within this ticket’s scope; re-estimate at refinement.,Planned; implementation and validation remain
B096,A:S09,Analysis automation,Implement named AAT contrasts with reference check,P0,B007;B060;B008,Scoring follows declared direction onset and trial exclusion rules,M,IM-G01;IM-G02;IM-G03,Apply the linked review contract within this ticket’s scope; re-estimate at refinement.,Planned; implementation and validation remain
B097,A:S09,Analysis automation,Implement EDA feature and baseline outputs,P0,B037;B089,Selected tonic or phasic features agree with qualified reference and name units,M,BIO-G05,Apply the linked review contract within this ticket’s scope; re-estimate at refinement.,Planned; implementation and validation remain
B098,A:S09,Analysis automation,Implement qualified EEG spectral output,P0,B038;B039;B089,Named method frequency bands windows and reference produce expected fixture values,M,BIO-G04,Apply the linked review contract within this ticket’s scope; re-estimate at refinement.,Planned; implementation and validation remain
B099,A:S09,Analysis automation,Implement explicit liking scale coding,P0,B048;B061;B010,Stored scale direction missingness and optional reverse coding match dictionary,S,,,Planned; implementation and validation remain
B100,A:S09,Analysis automation,Link explicit and modality outcomes by participant stimulus,P0,B091;B097;B098;B099,Joined analysis retains modality-specific counts and forbids silent many-to-many joins,M,BIO-G08;IM-G08;UX-G05;UX-G10;UX-G15,Apply the linked review contract within this ticket’s scope; re-estimate at refinement.,Planned; implementation and validation remain
B101,A:S09,Analysis automation,Implement exploratory and sensitivity revisions,P0,B089;B034,Post hoc plan edits preserve original result and show changed assumptions,M,BIO-G08;IM-G07;UX-G15,Apply the linked review contract within this ticket’s scope; re-estimate at refinement.,Planned; implementation and validation remain
B102,A:S09,Analysis automation,Handle insufficient and non-estimable model results,P0,B091;B092;B094,Missing cells singular models and inadequate information return explanation not fabricated scores,M,BIO-G08;IM-G08;UX-G10;UX-G15,Apply the linked review contract within this ticket’s scope; re-estimate at refinement.,Planned; implementation and validation remain
B103,A:S10,Evidence UX,Build result cards with operational definitions,P0,B090;B095;B096;B097;B098,"Every number links to definition inputs exclusions and configuration revision Review UX-G10: Each outcome displays its own participant/item count, inclusion rule, unit, estimand, interval type, qualification and review status. Eye-invalid/survey-valid data need separate eligible counts; TTFF retains declared non-looker/censoring states; no universal attention/emotion score is introduced. Review IM-G08: Declare per-outcome unit, eligible observations, denominator, missingness and uncertainty. Eye invalidity cannot automatically remove valid ratings or implicit trials. An exposure-level liking response cannot become AOI-level liking without an explicitly defined model.",M,BIO-G09;IM-G08;UX-G10;UX-G15,Apply the linked review contract within this ticket’s scope; re-estimate at refinement.,Planned; implementation and validation remain
B104,A:S10,Evidence UX,Provide plain-language recipe conclusions,P0,B103,Rules-based narrative matches effect uncertainty and estimand without unsupported interpretation,M,UX-G10,Apply the linked review contract within this ticket’s scope; re-estimate at refinement.,Planned; implementation and validation remain
B105,A:S10,Evidence UX,Build accessible result tables and chart alternatives,P0,B103,Keyboard and screen-reader users can inspect values units groups and uncertainty,M,UX-G11,Apply the linked review contract within this ticket’s scope; re-estimate at refinement.,Planned; implementation and validation remain
B106,A:S10,Reporting,Generate automatic methods and quality appendix,P0,B018;B082;B103,Report includes applied methods retained sample and all relevant exclusions,M,UX-G10,Apply the linked review contract within this ticket’s scope; re-estimate at refinement.,Planned; implementation and validation remain
B107,A:S10,Reporting,Generate linked questionnaire dictionary appendix,P0,B045;B099;B106,Question wording coding logic revision and derived scores accompany results,S,,,Planned; implementation and validation remain
B108,A:S10,Reporting,Export executable R and Quarto bundle,P0,B018;B103;B106,Independent clean environment reproduces declared outputs from included permitted inputs,M,,,Planned; implementation and validation remain
B109,A:S10,Reporting,Prevent stale result cards in final export,P0,B034;B103,Changed dependencies require refresh or clearly frozen historical report selection,S,ARC-G05;BIO-G09;UX-G04;UX-G14;UX-G15,Apply the linked review contract within this ticket’s scope; re-estimate at refinement.,Planned; implementation and validation remain
B110,A:S10,Reporting,Build report preview and render retry,P0,B106;B108,Render failure can be retried without repeating analysis and layout is reviewed,M,ARC-G04;UX-G09;UX-G14,Apply the linked review contract within this ticket’s scope; re-estimate at refinement.,Planned; implementation and validation remain
B111,A:S10,Reproducibility,Build run history and configuration diff,P0,B018;B034,User compares exact input method AOI and analysis versions between runs,M,,,Planned; implementation and validation remain
B112,A:S10,Guided UX,Complete sample-to-report automated happy path,P0,B015;B089;B104;B108,Sample completes Plan Questions Collect Review Results in at most 5 total activations with zero report configuration,M,UX-G03;UX-G07;UX-G10,Apply the linked review contract within this ticket’s scope; re-estimate at refinement.,Planned; implementation and validation remain
B113,A:S11,Guided UX,Validate novice time decision and action targets,P0,B112;B004,"Measure targets: sample at most 10 minutes and 5 total activations; prepared real study at most 4 substantive design decisions and 12 total activations including file chooser; next participant at most 4 activations; zero report configuration Review UX-G03,UX-G07,UX-G10: Keep canonical whole-path counts including chooser actions, report typing/hardware/exception work separately, and jointly evaluate completion, scientific correctness and explanation of uncertainty; speed alone cannot pass.",M,UX-G03;UX-G07;UX-G10,Apply the linked review contract within this ticket’s scope; re-estimate at refinement.,Planned; implementation and validation remain
B114,A:S11,Guided UX,Improve exception recovery from novice pilots,P0,B081;B113,Seeded import quality and AOI problems can be resolved without restarting the study,M,UX-G03;UX-G07;UX-G10;UX-G16,Apply the linked review contract within this ticket’s scope; re-estimate at refinement.,Planned; implementation and validation remain
B115,A:S11,Accessibility,Audit researcher critical path against WCAG target,P0,B070;B105;B112,"Keyboard focus semantics and chart alternatives tested manually with assistive technology Review UX-G11: Audit complete keyboard/AT tasks including editable AOI geometry, matrix anchors/reversed direction, retained-answer layout changes, focus restoration, error recovery and accessible report equivalents. Apply participant-specific checks to B116; diagnostics alone do not pass either audit.",M,UX-G04;UX-G11;UX-G16,Apply the linked review contract within this ticket’s scope; re-estimate at refinement.,Planned; implementation and validation remain
B116,A:S11,Accessibility,Audit participant question and instruction paths,P0,B061;B054;B055,Labels errors branch focus matrix alternatives and resize behaviours verified,M,UX-G04;UX-G08;UX-G11;UX-G16,Apply the linked review contract within this ticket’s scope; re-estimate at refinement.,Planned; implementation and validation remain
B117,A:S11,Reliability,Exercise restart crash and disk-failure cases,P0,B033;B017;B108,"Supported failures preserve raw data and expose recoverable states Review UX-G09: Kill a worker, reconnect the interface and retry the same logical command. One artifact/report is published, saved progress resumes via event cursor, completed upstream work is reused, and original failure evidence remains available.",M,ARC-G06;UX-G09,Apply the linked review contract within this ticket’s scope; re-estimate at refinement.,Planned; implementation and validation remain
B118,A:S11,Performance,Benchmark declared representative datasets,P0,B112,Results name dataset hardware duration memory and failure behaviour,M,ARC-G06;ARC-G08,Apply the linked review contract within this ticket’s scope; re-estimate at refinement.,Planned; implementation and validation remain
B119,A:S11,Documentation,Write guided first-eye-study tutorial,P0,B112;B113,Undergraduate pilot follows tutorial to explain and reproduce a result,M,UX-G03;UX-G07;UX-G10,Apply the linked review contract within this ticket’s scope; re-estimate at refinement.,Planned; implementation and validation remain
B120,A:S11,Documentation,Write operator and analyst troubleshooting,P0,B114;B117,Top observed failures have accurate local recovery instructions,S,UX-G16,Apply the linked review contract within this ticket’s scope; re-estimate at refinement.,Planned; implementation and validation remain
B121,A:S12,Alpha release,Package clean-machine integrated alpha,P0,B115;B116;B117;B119,Fresh supported machine installs runs sample and exports reproducible report,M,ARC-G06,Apply the linked review contract within this ticket’s scope; re-estimate at refinement.,Planned; implementation and validation remain
B122,A:S12,Alpha release,Publish supported alpha capability matrix locally,P0,B121;B066,Import live simulator and method maturity labels distinguish actual support,S,UX-G02,Apply the linked review contract within this ticket’s scope; re-estimate at refinement.,Planned; implementation and validation remain
B123,A:S12,Alpha release,Document first migration and rollback rehearsal,P0,B121,Saved study upgrades reversibly without losing raw data or revision meaning,M,ARC-G06,Apply the linked review contract within this ticket’s scope; re-estimate at refinement.,Planned; implementation and validation remain
B124,A:S12,Alpha release,Run independent integrated-alpha reproduction,P0,B108;B121,External reviewer reproduces selected eye EEG EDA behaviour and survey outputs,M,,,Planned; implementation and validation remain
B125,A:S12,Alpha release,Triage pilot findings and scope next gates,P0,B113;B124,G3-G5 dependencies capacity assumptions and remaining qualification work explicit,S,,,Planned; implementation and validation remain
B126,B:G3,Live acquisition,Implement sidecar lifecycle and capability handshake,P0,B011;B012;B032,Start stop health and version negotiation work without coupling acquisition to UI process,M,ARC-G06;BIO-G01,Apply the linked review contract within this ticket’s scope; re-estimate at refinement.,Planned; implementation and validation remain
B127,B:G3,Live acquisition,Implement reference eye tracker connection,P0,B126;B019,Named device firmware OS and SDK provide required channels with original timestamps,L,,,Planned; implementation and validation remain
B128,B:G3,Live acquisition,Implement eye calibration and quality session,P0,B127,Calibration result accuracy precision and failure recovery stored per session,M,BIO-G02;UX-G06;UX-G11,Apply the linked review contract within this ticket’s scope; re-estimate at refinement.,Planned; implementation and validation remain
B129,B:G3,Live acquisition,Implement reference EEG amplifier connection,P0,B126;B020,Named amplifier retains channel scale sample clock triggers and health metadata,L,,,Planned; implementation and validation remain
B130,B:G3,Live acquisition,Implement EEG contact and channel health panel,P0,B129,Available device health measures are labelled and unsupported values never fabricated,M,BIO-G02;UX-G06,Apply the linked review contract within this ticket’s scope; re-estimate at refinement.,Planned; implementation and validation remain
B131,B:G3,Live acquisition,Implement reference EDA device connection,P0,B126;B021,Named device streams conductance and timestamps with disconnect recovery,L,,,Planned; implementation and validation remain
B132,B:G3,Live acquisition,Implement EDA signal preparation check,P0,B131,Flatline range and movement artefacts surface with actionable operator guidance,M,BIO-G02;UX-G06,Apply the linked review contract within this ticket’s scope; re-estimate at refinement.,Planned; implementation and validation remain
B133,B:G3,Live acquisition,Implement physical AAT joystick support,P0,B060;B126,Qualified axis calibration neutral position movement onset and completion recorded,L,IM-G01;IM-G02;IM-G03,Apply the linked review contract within this ticket’s scope; re-estimate at refinement.,Planned; implementation and validation remain
B134,B:G3,Synchronization,Implement shared trigger and marker path,P0,B127;B129;B131;B056,Events link across runner and devices while retaining source clock uncertainty,M,BIO-G03,Apply the linked review contract within this ticket’s scope; re-estimate at refinement.,Planned; implementation and validation remain
B135,B:G3,Synchronization,Validate physical stimulus-to-EEG event timing,P0,B065;B134,Measured timing meets prespecified requirements for each claimed EEG protocol,M,BIO-G03,Apply the linked review contract within this ticket’s scope; re-estimate at refinement.,Planned; implementation and validation remain
B136,B:G3,Synchronization,Validate long-run drift and dropped markers,P0,B134;B030,Reference test detects drift loss and recovery without silent time interpolation,M,BIO-G03,Apply the linked review contract within this ticket’s scope; re-estimate at refinement.,Planned; implementation and validation remain
B137,B:G3,Live acquisition,Implement supported local buffering and reconnect,P0,B126;B134,Supported stream gaps and replay preserve order and mark unavailable intervals,M,ARC-G03;BIO-G01;UX-G07,Apply the linked review contract within this ticket’s scope; re-estimate at refinement.,Planned; implementation and validation remain
B138,B:G3,Control room,Build combined live session dashboard,P0,B128;B130;B132;B134,Operator sees each stream health event status and participant progress together Review UX-G07: Next participant creates fresh allocation/answers/consent/calibration state while reusing only valid rig evidence; interrupted attempts use the frozen resume/repeat/stop policy and new exposure IDs. Verify shared-device isolation and the four-activation operator path.,M,ARC-G08;BIO-G01;UX-G07,Apply the linked review contract within this ticket’s scope; re-estimate at refinement.,Planned; implementation and validation remain
B139,B:G3,Control room,Implement operator annotations and safe stop,P0,B138,Annotations use shared events and stopping records exact completion state,M,UX-G07,Apply the linked review contract within this ticket’s scope; re-estimate at refinement.,Planned; implementation and validation remain
B140,B:G3,Live acquisition,Run full eye EEG EDA behavioural rig stress test,P0,B135;B136;B137;B138,Complete flagship session passes capture recovery and event-linkage acceptance matrix,L,BIO-G01;BIO-G10,Apply the linked review contract within this ticket’s scope; re-estimate at refinement.,Planned; implementation and validation remain
B141,B:G4,Method qualification,Qualify launch EEG spectral pipeline,P0,B098;B129;B135,Independent reference results and named rig data satisfy documented method tolerances,M,BIO-G04,Apply the linked review contract within this ticket’s scope; re-estimate at refinement.,Planned; implementation and validation remain
B142,B:G4,Method qualification,Implement and qualify optional event-related EEG recipe,P1,B141;B135,Epoch baseline rejection and waveform fixtures pass for specifically supported protocol,L,BIO-G04,Apply the linked review contract within this ticket’s scope; re-estimate at refinement.,Planned; implementation and validation remain
B143,B:G4,Method qualification,Qualify launch EDA feature pipeline,P0,B097;B131;B132,Reference and rig outputs agree with stated preprocessing and quality rules,M,BIO-G05,Apply the linked review contract within this ticket’s scope; re-estimate at refinement.,Planned; implementation and validation remain
B144,B:G4,Method qualification,Qualify BIAT execution and scoring on launch matrix,P0,B095;B065;B067,Timing instruction comprehension and scoring evidence tied to exact recipe version,M,IM-G01;IM-G02,Apply the linked review contract within this ticket’s scope; re-estimate at refinement.,Planned; implementation and validation remain
B145,B:G4,Method qualification,Qualify physical AAT execution and scoring,P0,B096;B133;B065,Input-specific event timing errors exclusions and derived contrasts pass references,M,IM-G01;IM-G02;IM-G03,Apply the linked review contract within this ticket’s scope; re-estimate at refinement.,Planned; implementation and validation remain
B146,B:G4,Questionnaire qualification,Qualify declared launch types and logic combinations,P0,B053;B054;B055;B116,"Coverage matrix records passed types branching piping randomization and accessible paths Review UX-G05,UX-G08: For finite declared fixtures enumerate all paths; for unbounded conditions report branch/outcome, representative and boundary checks plus unsupported cases. Inspect-all creates no runtime pass credit. Define coverage semantics during compiler work and execute the full qualification matrix at B146.",M,UX-G05;UX-G08,Apply the linked review contract within this ticket’s scope; re-estimate at refinement.,Planned; implementation and validation remain
B147,B:G4,Analysis qualification,Validate explicit-liking and biovital integrated analysis,P0,B100;B141;B143;B146,"Participant stimulus linkage model unit and missingness checked against independent fixture Review UX-G10,UX-G15: An eye-invalid/survey-valid participant yields distinct correct denominators, partial runs obey outcome eligibility, and TTFF never-looked/censored/tracking-loss cases remain distinct. Zero or non-estimable outcomes explain absence rather than emit fabricated scores.",M,IM-G08;UX-G10;UX-G15,Apply the linked review contract within this ticket’s scope; re-estimate at refinement.,Planned; implementation and validation remain
B148,B:G4,AOI qualification,Qualify static AOI proposal and review workflow,P0,B087;B128,Held-out metric error and review-time targets pass for named use cases,M,BIO-G10,Apply the linked review contract within this ticket’s scope; re-estimate at refinement.,Planned; implementation and validation remain
B149,B:G4,Commercial pilot,Run complete flagship consumer study pilot,P0,B140;B144;B145;B146;B147;B148,Researchers finish acquisition review integrated analysis and report at agreed quality bar,L,BIO-G10,Apply the linked review contract within this ticket’s scope; re-estimate at refinement.,Planned; implementation and validation remain
B150,B:G5,Launch release,Close severe pilot and data-loss defects,P0,B149,No unresolved data-loss or launch-blocking method defects remain,M,,,Planned; implementation and validation remain
B151,B:G5,Launch release,Verify clean-machine full launch installation,P0,B150;B121,Named full rig and sample workflow install from documented instructions,M,,,Planned; implementation and validation remain
B152,B:G5,Open source,Prepare original project identity and repository layout,P0,B151,README quickstart examples modules and supported scope use original identity,S,,,Planned; implementation and validation remain
B153,B:G5,Open source,Document licence and third-party inventory,P0,B152,Code assets SDKs models and fixtures have explicit compatible distribution status,M,,,Planned; implementation and validation remain
B154,B:G5,Open source,Add contributor guide and targeted test instructions,P0,B152,New contributor can run fixture checks and find a bounded issue,M,,,Planned; implementation and validation remain
B155,B:G5,Open source,Add issue templates and support routes,P0,B154,Bug report captures versions reproducible example and no required participant data,S,,,Planned; implementation and validation remain
B156,B:G5,Open source,Add method and device capability documentation,P0,B144;B145;B146;B148;B154,Experimental implementation-qualified and configuration-qualified labels are distinct,M,UX-G02,Apply the linked review contract within this ticket’s scope; re-estimate at refinement.,Planned; implementation and validation remain
B157,B:G5,Open source,Prepare release notes and reproducible public demo,P0,B153;B156,Demo contains redistributable or synthetic materials and reproduces documented outputs,M,,,Planned; implementation and validation remain
B158,B:G5,Open source,Review concrete repository release contents,P0,B157,No participant data secrets unlicensed SDK binaries or unsupported claims in publish bundle,S,,,Planned; implementation and validation remain
B159,C:G6,Video foundation,Preserve video frame presentation and media clock,P1,B029;B040,Variable-frame-rate media maps events and displayed frames without index assumptions,M,,,Planned; implementation and validation remain
B160,C:G6,Video AOI,Implement temporal AOI validity and keyframes,P1,B068;B159,Geometry visibility and interpolation are versioned per time range,M,,,Planned; implementation and validation remain
B161,C:G6,Video AOI,Implement manual keyframe correction and preview,P1,B160;B070,Corrections preview affected frames and support undo without overwriting approved history,M,,,Planned; implementation and validation remain
B162,C:G6,Video AOI,Integrate optional object tracking proposals,P1,B160;B074,Track origin model version and review states accompany every proposed segment,L,,,Planned; implementation and validation remain
B163,C:G6,Video AOI,Detect scene cuts occlusion and identity changes,P1,B162,Held-out cases route uncertain transitions to explicit review rather than stale geometry,M,,,Planned; implementation and validation remain
B164,C:G6,Video AOI,Build ranked batch review and representative sampling,P1,B163;B085,Low confidence and stratified random samples both enter review,M,,,Planned; implementation and validation remain
B165,C:G6,Video AOI,Benchmark dynamic AOI downstream metric error,P1,B164;B086;B077,Independent holdout reports geometry visibility identity and gaze-metric errors,L,,,Planned; implementation and validation remain
B166,C:G6,Video AOI,Graduate bounded policy-based AOI approval,P2,B165,Use-case thresholds audit rollback and drift alerts defined before automatic promotion,M,,,Planned; implementation and validation remain
B167,C:G6,Web AOI,Capture DOM element state and coordinate metadata,P1,B072;B068,Selector bounding box viewport scroll breakpoint and page revision retained,M,,,Planned; implementation and validation remain
B168,C:G6,Web AOI,Handle absent and responsive DOM elements,P1,B167,Layout change or missing element creates explicit remap or review state,M,,,Planned; implementation and validation remain
B169,C:G6,Reading recipe,Generate word line and region AOI candidates,P1,B167;B076,DOM or OCR proposal preserves layout and requires review of uncertain text geometry,M,,,Planned; implementation and validation remain
B170,C:G6,Reading recipe,Implement reading metric and item model package,P1,B169;B092,First-pass total-time and regressions have independent fixtures and appropriate item structure,M,,,Planned; implementation and validation remain
B171,C:G6,Video recipe,Complete automated video-ad moment analysis,P1,B165;B092,Windows exposure denominators repeated measures and exploratory contrasts appear in report,M,,,Planned; implementation and validation remain
B172,C:G6,Visual search recipe,Complete target-present and absent study builder,P1,B094;B041,Generated allocation and analysis distinguish absent target censoring and tracking loss,M,,,Planned; implementation and validation remain
B173,C:G6,Questionnaire expansion,Implement ranking with keyboard alternative,P2,B146,Pointer and keyboard ranking produce identical order with clear focus,M,,,Planned; implementation and validation remain
B174,C:G6,Questionnaire expansion,Implement reusable scales and documented scoring,P1,B146;B099,Scale metadata rights reverse coding and validation source accompany recipe,M,,,Planned; implementation and validation remain
B175,C:G6,Questionnaire expansion,Implement translation and locale workflow,P2,B146;B010,Translation retains stable question IDs while displayed language version remains traceable,M,,,Planned; implementation and validation remain
B176,C:G6,Questionnaire expansion,Implement quotas and controlled survey termination,P2,B146;B042,Quota concurrency and termination outcomes do not corrupt participant allocation,M,,,Planned; implementation and validation remain
B177,C:G6,Questionnaire expansion,Implement bounded loops and repeated question groups,P2,B052;B146,Loop limits and item identities prevent nontermination and ambiguous exports,M,,,Planned; implementation and validation remain
B178,C:G6,Collaboration,Implement self-hosted authentication and roles,P1,B016;B158;B232,"Reader operator analyst and administrator scopes enforce tested actions Review UX-G14: Verify audience restrictions, future-access revocation, denied/expired link states and media scope for the new sharing feature; verify frozen snapshots remain unchanged and exported accessible bundles identify exact inputs. New grant creation/revocation implementation remains in UXV2-B14.",L,ARC-G06;UX-G13;UX-G14,Apply the linked review contract within this ticket’s scope; re-estimate at refinement.,Planned; implementation and validation remain
B179,C:G6,Collaboration,Implement optimistic revision conflict handling,P1,B178;B044,Concurrent edits show conflict and preserve both recoverable versions,M,UX-G13,Apply the linked review contract within this ticket’s scope; re-estimate at refinement.,Planned; implementation and validation remain
B180,C:G6,Collaboration,Implement report-scoped review and approval,P1,B178;B109,Review decisions link to frozen report revision and changed results invalidate approval,M,ARC-G05;UX-G04;UX-G13;UX-G14,Apply the linked review contract within this ticket’s scope; re-estimate at refinement.,Planned; implementation and validation remain
B181,C:G6,Operations,Implement durable multi-user job isolation,P1,B178;B032,Concurrent study jobs preserve workspace boundaries and recover independently,L,ARC-G06,Apply the linked review contract within this ticket’s scope; re-estimate at refinement.,Planned; implementation and validation remain
B182,C:G6,Operations,Implement backup restore and migration fixtures,P1,B181;B123,Restored study reproduces selected outputs and preserves revisions,M,ARC-G06,Apply the linked review contract within this ticket’s scope; re-estimate at refinement.,Planned; implementation and validation remain
B183,A:S02,Privacy and data scope,Separate participant identity from research identifiers,P0,B016;B010,Export and role tests exclude optional identity mapping unless explicitly requested,M,ARC-G06;UX-G07;UX-G14,Apply the linked review contract within this ticket’s scope; re-estimate at refinement.,Planned; implementation and validation remain
B184,C:G6,Privacy and data scope,Implement scoped withdrawal and retention workflow,P1,B183;B178,Preview identifies raw derived and report artefacts affected by configured policy,M,UX-G14,Apply the linked review contract within this ticket’s scope; re-estimate at refinement.,Planned; implementation and validation remain
B185,C:G6,Extensions,Define versioned recipe and method extension SDK,P1,B156;B009,Example plugin declares dependencies methods fixtures and maturity,M,ARC-G07;UX-G13,Apply the linked review contract within this ticket’s scope; re-estimate at refinement.,Planned; implementation and validation remain
B186,C:G6,Extensions,Build local extension compatibility checker,P1,B185,Incompatible or missing dependencies are identified before run,M,ARC-G07,Apply the linked review contract within this ticket’s scope; re-estimate at refinement.,Planned; implementation and validation remain
B187,C:G6,Extensions,Build fixture-based adapter contribution template,P1,B185;B011,Contributor can implement simulator contract without requiring proprietary hardware for all checks,M,,,Planned; implementation and validation remain
B188,C:G6,Extensions,Build recipe library provenance and maturity views,P1,B185;B156,"Source implementation validation configuration qualification and updates are distinct Review UX-G13: A pinned tutor/team recipe produces an attributed draft with independent observations; upstream changes show an impact comparison and never upgrade active sessions silently. B179 owns conflicts, B180 owns revision-scoped feedback/approval, and B178 owns optional workspace policy. Do not add compulsory review to the sample.",M,ARC-G07;UX-G13,Apply the linked review contract within this ticket’s scope; re-estimate at refinement.,Planned; implementation and validation remain
B189,C:G6,Implicit method packs,Implement full IAT recipe and scoring reference,P1,B095;B185,Full protocol and exact scoring variant validated independently of BIAT,M,IM-G09,Apply the linked review contract within this ticket’s scope; re-estimate at refinement.,Planned; implementation and validation remain
B190,C:G6,Implicit method packs,Implement SC-IAT as separate qualified recipe,P2,B185;B065,Protocol stimuli scoring and validation fixtures specific to SC-IAT,L,,,Planned; implementation and validation remain
B191,C:G6,Implicit method packs,Implement AMP as separate qualified recipe,P2,B185;B065,Prime timing response logic and inference definitions independently reviewed,L,,,Planned; implementation and validation remain
B192,C:G6,Implicit method packs,Implement affective priming protocol pack,P2,B185;B065,SOA masking and physical timing requirements qualified for supported matrix,L,,,Planned; implementation and validation remain
B193,C:G6,Implicit method packs,Implement GNAT protocol pack,P2,B185;B065,Deadlines response sensitivity scoring and exclusions pass independent fixtures,L,,,Planned; implementation and validation remain
B194,C:G6,Implicit method packs,Implement Stroop and emotional Stroop recipes,P2,B185;B065,Condition balance scoring and reliability outputs are explicitly specified,L,,,Planned; implementation and validation remain
B195,D:G7,Additional physiology,Implement ECG PPG and HRV recipe pack,P2,B185;B009,Peak review artefacts segment suitability and named metrics qualify against reference data,L,BIO-G11,Apply the linked review contract within this ticket’s scope; re-estimate at refinement.,Planned; implementation and validation remain
B196,D:G7,Additional physiology,Implement EMG acquisition and analysis pack,P2,B185;B011,Channels units filtering artefacts and named outputs qualified on stated configuration,L,BIO-G11,Apply the linked review contract within this ticket’s scope; re-estimate at refinement.,Planned; implementation and validation remain
B197,D:G7,Additional acquisition,Qualify second eye EEG and EDA device families,P2,B187;B140,Each added family has its own capability timing and recovery evidence,L,,,Planned; implementation and validation remain
B198,D:G7,Advanced acquisition,Prototype wearable scene coordinate mapping,P2,B185;B159,Calibration object/surface mapping and uncertainty inspectable in a bounded demonstration,L,,,Planned; implementation and validation remain
B199,D:G7,Advanced acquisition,Prototype VR object and gaze event contract,P2,B185;B068,Scene coordinates object identity calibration and timing survive replay,L,,,Planned; implementation and validation remain
B200,D:G7,Platform learning,Build permissioned longitudinal benchmark dashboard,P2,B165;B188,Comparisons use defined recipes versions datasets and quality thresholds,M,,,Planned; implementation and validation remain
B201,D:G7,Platform learning,Benchmark end-to-end against competitor workflows,P1,B149;B113,"Matched tasks report completion time review effort correctness and transparent limitations Review UX-G16: Index evidence by workflow, before/action/after state, source/version and observed/documented/proposed status; distinguish stills from proved transitions and link missing recovery/accessibility evidence to capture tasks. Keep screenshot counts separate from measured workflow coverage.",M,BIO-G10;UX-G16,Apply the linked review contract within this ticket’s scope; re-estimate at refinement.,Planned; implementation and validation remain
B202,D:G7,Platform learning,Measure repeat-study and contribution health,P1,B158;B188,Metrics distinguish completed research and maintainable contributions from downloads,S,,,Planned; implementation and validation remain
B203,A:S10,Analysis automation,Explain explicit versus implicit disagreement,P0,B100;B104,Report describes measured association without claiming one measure reveals the true response,S,UX-G10,Apply the linked review contract within this ticket’s scope; re-estimate at refinement.,Planned; implementation and validation remain
B204,A:S11,Accessibility,Provide plain-language comprehension and confidence checks,P0,B104;B113,Novice can explain result unit uncertainty and provisional status after first study,S,UX-G03;UX-G07;UX-G10,Apply the linked review contract within this ticket’s scope; re-estimate at refinement.,Planned; implementation and validation remain
B205,A:S12,Planning governance,Re-estimate launch work from observed velocity,P0,B125,Capacity and gate forecast revised from actual cycle time with integration reserve,S,,,Planned; implementation and validation remain
B206,A:S01,Acquisition research,Run early trigger and clock feasibility spike,P0,B012,Reference hardware evidence identifies viable trigger clocks latency measurement and unresolved dependencies,M,BIO-G03,Apply the linked review contract within this ticket’s scope; re-estimate at refinement.,Planned; implementation and validation remain
B207,A:S02,Webcam foundation,Extend shared schema for camera and facial outputs,P0,B009;B010,Frames gaze geometry AU model annotations and self-report retain distinct types clocks and revisions,M,UX-G02,Apply the linked review contract within this ticket’s scope; re-estimate at refinement.,Planned; implementation and validation remain
B208,A:S01,Webcam foundation,Qualify exact webcam component and model licences,P0,B002,Pinned artifacts record code weights data terms WebGazer GPLv3 status and permitted distribution paths,M,ARC-G07,Apply the linked review contract within this ticket’s scope; re-estimate at refinement.,Planned; implementation and validation remain
B209,A:S06,Webcam onboarding,Implement camera permissions and device selection,P0,B056;B207,Granted denied ignored prompt missing camera and unsupported constraints have usable keyboard recovery,M,UX-G06;UX-G11,Apply the linked review contract within this ticket’s scope; re-estimate at refinement.,Planned; implementation and validation remain
B210,A:S06,Webcam processing,Implement local facial geometry worker,P0,B207;B208;B209,Landmarks blendshapes and pose-related outputs preserve native names without blocking timed task loop,M,,,Planned; implementation and validation remain
B211,A:S06,Webcam synchronization,Record actual frame cadence and timing uncertainty,P0,B210;B029,"Capture arrival and inference times remain distinct and unavailable source timestamps stay unknown Review BIO-G07: Camera swap, tab suspension, inference backlog and multiple faces produce scoped invalid intervals. Model confidence never becomes assumed calibrated probability. With raw-video retention off, export records reproducibility limits; sample mode requests no permission. Region gaze does not unlock pupillometry/reading/precise saccades.",M,BIO-G03;BIO-G07,Apply the linked review contract within this ticket’s scope; re-estimate at refinement.,Planned; implementation and validation remain
B212,A:S08,Webcam quality,Implement lighting pose motion and face-visibility masks,P0,B210;B079,Poor light occlusion multiple faces and head movement produce scoped quality flags and recovery guidance,M,BIO-G07;UX-G06;UX-G11,Apply the linked review contract within this ticket’s scope; re-estimate at refinement.,Planned; implementation and validation remain
B213,A:S08,Webcam recovery,Handle camera loss tab suspension and participant reset,P0,B209;B211;B062,Completed work persists gaps are explicit camera restarts revalidate and prior participant calibration is cleared,M,ARC-G03;BIO-G07;UX-G06;UX-G07;UX-G11,Apply the linked review contract within this ticket’s scope; re-estimate at refinement.,Planned; implementation and validation remain
B214,A:S07,Webcam gaze,Implement versioned webcam gaze adapter,P0,B207;B208;B209,Chosen adapter exports calibrated coordinates metadata and actual cadence without assuming lab precision,L,,,Planned; implementation and validation remain
B215,A:S07,Webcam gaze,Implement independent gaze validation and drift checks,P0,B214;B072,Held-out screen targets measure error before a study and failed validation routes to repair or permitted fallback,M,BIO-G07;UX-G06;UX-G11,Apply the linked review contract within this ticket’s scope; re-estimate at refinement.,Planned; implementation and validation remain
B216,A:S06,Webcam privacy,Implement local-derived-data and optional-video retention modes,P0,B210;B183,Default avoids raw-video upload and clearly records retention scope access and limits on future re-extraction,M,BIO-G07,Apply the linked review contract within this ticket’s scope; re-estimate at refinement.,Planned; implementation and validation remain
B217,C:G6,Webcam operations,Add bounded optional provider transfer and bandwidth recovery,P1,B216;B181,Provider route declares transfer retention cost and versions and resumes permitted uploads without duplicate frames,M,ARC-G03,Apply the linked review contract within this ticket’s scope; re-estimate at refinement.,Planned; implementation and validation remain
B218,A:S09,Webcam behaviour,Implement qualified head-pose and blink event definitions,P0,B210;B212,Named event definitions retain quality masks and do not label head orientation or blink rate as universal attention,M,,,Planned; implementation and validation remain
B219,B:G4,Facial analysis,Add optional AU sidecar with exact model manifest,P1,B208;B207;B032,Selected model terms permit use and presence or intensity outputs remain distinct from blendshapes and emotion,L,,,Planned; implementation and validation remain
B220,B:G4,Facial analysis,Add optional expression-model annotation layer,P1,B219;B207,Native model labels scores and calibration status retained without presenting scores as felt emotional truth,M,,,Planned; implementation and validation remain
B221,A:S05,Emotion self-report,Add explicit affect and liking questionnaire recipes,P0,B045;B048,Reported emotion valence arousal and liking retain wording scale timing and stimulus linkage,M,,,Planned; implementation and validation remain
B222,A:S10,Webcam analysis,Automate region attention and self-report comparisons,P0,B215;B221;B091;B100,Participant-aware outputs preserve valid-time denominators modality missingness and declared estimands,M,BIO-G08;UX-G10;UX-G15,Apply the linked review contract within this ticket’s scope; re-estimate at refinement.,Planned; implementation and validation remain
B223,B:G4,Webcam benchmark,Create permissioned independent reference corpus,P0,B208;B215;B218,Held-out gaze targets and expert behavioural labels retain disagreement while self-report stays a separate criterion,M,BIO-G07;BIO-G10,Apply the linked review contract within this ticket’s scope; re-estimate at refinement.,Planned; implementation and validation remain
B224,B:G4,Webcam benchmark,Evaluate quality and coverage across operating conditions,P0,B223;B212,Results stratify lighting glasses pose devices and permissioned populations without inferring protected traits from faces,M,BIO-G07,Apply the linked review contract within this ticket’s scope; re-estimate at refinement.,Planned; implementation and validation remain
B225,B:G4,Webcam benchmark,Qualify gaze outputs by AOI size and research task,P0,B223;B224;B077,Spatial error precision calibration failure and downstream metric error meet declared task-specific tolerances,L,BIO-G07,Apply the linked review contract within this ticket’s scope; re-estimate at refinement.,Planned; implementation and validation remain
B226,B:G4,Facial analysis,Qualify blink AU and expression annotations independently,P1,B219;B220;B223,Each enabled output has held-out event or annotation performance and an explicit supported interpretation,L,BIO-G07,Apply the linked review contract within this ticket’s scope; re-estimate at refinement.,Planned; implementation and validation remain
B227,B:G5,Webcam reporting,Add accessible webcam evidence and coverage report,P0,B222;B225;B105,Report distinguishes observations model annotations and self-report with counts uncertainty and traceable methods,M,UX-G10,Apply the linked review contract within this ticket’s scope; re-estimate at refinement.,Planned; implementation and validation remain
B228,B:G3,Webcam qualification,Qualify remote browser camera runtime matrix,P0,B211;B213;B215;B216,Named browsers cameras devices and resource loads pass recovery timing and data-scope checks,L,UX-G06;UX-G11,Apply the linked review contract within this ticket’s scope; re-estimate at refinement.,Planned; implementation and validation remain
B229,A:S11,Webcam accessibility,Test sample mode and accessible webcam onboarding,P0,B209;B215;B115,Sample never requests camera and real setup supports keyboard clear focus non-colour guidance and allowed fallback,M,UX-G06;UX-G11,Apply the linked review contract within this ticket’s scope; re-estimate at refinement.,Planned; implementation and validation remain
B230,B:G5,Webcam release,Publish evidence-gated webcam capability profile,P0,B227;B228;B229,Core webcam and affect route lists qualified features optional annotations unsupported tasks licence choices and maintenance plan,M,BIO-G07;UX-G02,Apply the linked review contract within this ticket’s scope; re-estimate at refinement.,Planned; implementation and validation remain
B231,A:S10,Study and report lifecycle,Define the collection-plan decision and finish boundary,P2,B089;B109,"Freeze an instructor/lab preset or explicit collection/stopping plan before recording. Distinguish end participant, pause recruitment and finalize collection; finalization triggers the frozen analysis idempotently. Reopen/amend creates attributed history and a new report snapshot, preserving previous reports.",M,UX-G12,Added in version0.2; estimate is provisional,Planned; implementation and validation remain
B232,B:G5,Study and report lifecycle,Sharing needs an audience and snapshot contract,P2,B089;B109,"Share a qualified immutable snapshot by default with an explicit audience; optional live links name changing-data behavior. Preview included data/media, store separate grants, expose expiry/revocation, and ensure frozen links do not change after new responses. Reuse export, roles and review components rather than duplicating them.",M,UX-G14,Added in version0.2; estimate is provisional,Planned; implementation and validation remain
B233,C:G7,Biovital method packs,Implement qualified respiration method pack,P2,B185;B082,"Declare transducer/placement, units, calibration, respiratory phase/rate and artefact rules. Preserve raw and derived respiration with synchronized epochs. Reference fixtures and a named hardware/recipe benchmark precede qualification; no launch dependency.",M,BIO-G11,Added in version0.2; estimate is provisional,Planned; implementation and validation remain
B234,B:G4,Research planning,Build recipe precision and trial-budget planner,P1,B089;B103,"A plan records intended estimand, smallest useful effect/precision target, variance/reliability assumptions and sample/trial budget before collection. Display sensitivity to assumptions and planned stopping; do not derive a universal minimum N or power from the current observed effect. Reviewed simulations cover paired, independent and repeated-item designs.",L,IM-G05,Added in version0.2; estimate is provisional,Planned; implementation and validation remain
B235,B:G4,Method qualification,Report method reliability and usable-trial precision,P1,B095;B096;B103,"Show retained trials, prespecified reliability estimator and uncertainty for the named method; disclose estimand and aggregation level. Repeated-measure and split-half fixtures respect block/design constraints. No individual diagnostic trait label is generated from an agile group research measure.",L,IM-G05,Added in version0.2; estimate is provisional,Planned; implementation and validation remain
B236,C:G6,Implicit method packs,Implement a separately qualified VAAST recipe,P1,B185;B060;B065,"Record self-motion perspective, instruction/relevance mapping, timing and correct response. Scorer/contrast and benchmark are versioned independently from physical joystick AAT; a shared template does not inherit qualification.",L,IM-G04,Added in version0.2; estimate is provisional,Planned; implementation and validation remain
B237,C:G6,Implicit method packs,Implement timed intuitive association recipe,P1,B185;B065,"Keep explicit endorsement, deadline, response latency, timeout and exclusion as distinct variables. Report declared operational construct and uncertainty; do not relabel endorsement plus speed as BIAT. Include a complete source-linked study-to-report fixture.",L,IM-G04,Added in version0.2; estimate is provisional,Planned; implementation and validation remain
B238,C:G6,Interoperability,Import named vendor behavioural scoring profiles,P2,B037;B095;B096,"An Inquisit-format fixture maps protocol version, latency definition, category direction and source exclusions explicitly. Preserve original score and recomputed score with separate provenance. Profile mismatch gives a repairable finding and cannot silently fall through to another scorer.",M,IM-G01;IM-G02,Added in version0.2; estimate is provisional,Planned; implementation and validation remain
